id,name,age,gender,location,marital_status,qtd_dependents,start_date,churn_date,price,service,tma,data_volume,qtd_appointments,comments,churn
1,João Silva,35,Masculino,SP,Casado,2,2018-05-10,,79.99,Telefonia Móvel,270.0,2.3,2.0,O serviço de internet tem sido instável. Estou tendo dificuldades para realizar videochamadas e assistir a filmes online. A velocidade da conexão é muito lenta e cai com frequência.,False
2,Maria Santos,28,Feminino,RJ,Solteiro,0,2019-03-15,,109.99,Internet,0.0,0.0,0.0,Estou satisfeita com o serviço. A velocidade da internet é ótima e o suporte técnico sempre foi prestativo. Nunca tive problemas de conexão desde que assinei o serviço.,False
3,Carlos Oliveira,42,Masculino,MG,Casado,1,2020-01-20,2021-06-30,139.99,Internet,0.0,0.0,1.0,"Tive problemas com a fatura deste mês. O valor cobrado está incorreto e não consigo entrar em contato com o atendimento ao cliente. Já enviei diversos emails e tentei ligar várias vezes, mas não obtive resposta.",True
4,Ana Pereira,55,Feminino,RS,Viúvo,0,2017-09-01,,159.99,Telefonia Fixa,372.0,0.0,0.0,Sem reclamações até o momento. O serviço tem atendido às minhas expectativas e não tenho tido problemas com a conexão. As ligações são claras e o atendimento ao cliente é bom.,False
5,Paulo Rodrigues,41,Masculino,DF,Divorciado,3,2019-11-12,2022-01-05,99.99,TV a Cabo,0.0,0.0,0.0,"O canal de esportes não está funcionando corretamente. A imagem fica pixelada e o áudio está com falhas. Já entrei em contato com o suporte técnico algumas vezes, mas o problema persiste.",True
1001,Renata Costa,32,Feminino,SP,Casado,1,2020-07-10,,89.99,Telefonia Móvel,192.0,1.8,0.0,O sinal de internet no meu bairro é muito fraco. Não consigo usar os aplicativos de streaming sem enfrentar interrupções constantes.,False
1002,André Oliveira,45,Masculino,RJ,Solteiro,0,2019-11-15,,119.99,Internet,0.0,0.0,0.0,Estou bastante satisfeito com o serviço de internet. A velocidade é alta e nunca tive problemas de conexão.,False
1003,Luiza Rodrigues,39,Feminino,MG,Casado,2,2018-02-20,2022-09-30,149.99,TV a Cabo,0.0,0.0,0.0,Os canais HD têm apresentado problemas de qualidade. A imagem está pixelada e o som não está sincronizado com a imagem.,True
1004,Marcos Santos,28,Masculino,SP,Solteiro,0,2022-01-01,,109.99,Internet,0.0,0.0,0.0,O serviço de internet é ótimo. A velocidade atende às minhas necessidades e nunca tive quedas de conexão.,False
1005,Amanda Lima,37,Feminino,RS,Casado,2,2017-12-01,,179.99,Telefonia Fixa,450.0,0.0,0.0,Estou satisfeita com o serviço de telefonia fixa. As ligações são claras e não tive problemas com a cobertura.,False
1006,Lucas Fernandes,31,Masculino,DF,Casado,1,2021-03-12,,99.99,Telefonia Móvel,306.0,3.5,1.0,Recebi uma fatura com cobranças indevidas. Entrei em contato com o suporte e eles disseram que vão resolver o problema.,False
1007,Carolina Castro,42,Feminino,SP,Casado,3,2019-06-10,,69.99,Internet,0.0,0.0,1.0,"A conexão de internet está instável. Já reiniciei o modem várias vezes, mas ainda enfrento quedas frequentes na conexão.",False
1008,Rafael Mendes,29,Masculino,RJ,Solteiro,0,2018-09-15,,129.99,TV a Cabo,0.0,0.0,2.0,O sinal da TV a cabo tem oscilado bastante. Alguns canais não estão funcionando e a qualidade de imagem é ruim.,False
1009,Fernanda Santos,35,Feminino,MG,Casado,1,2020-05-20,,149.99,Internet,0.0,0.0,1.0,A velocidade da internet está abaixo do esperado. Não consigo assistir a vídeos em HD sem interrupções constantes.,False
1010,Gustavo Pereira,48,Masculino,RS,Divorciado,0,2019-02-01,,159.99,Telefonia Fixa,288.0,0.0,0.0,O serviço de telefonia fixa tem sido satisfatório. As ligações são claras e a cobertura é boa em minha região.,False
1011,Isabela Fernandes,27,Feminino,SP,Solteiro,0,2021-08-10,,79.99,Telefonia Móvel,234.0,2.1,0.0,Estou satisfeita com o serviço de telefonia móvel. A cobertura é boa e a internet é rápida.,False
1012,Rodrigo Almeida,33,Masculino,RJ,Casado,2,2018-11-15,,119.99,Internet,0.0,0.0,0.0,A internet tem sido estável e rápida. Consigo realizar todas as atividades online sem problemas.,False
1013,Patrícia Costa,40,Feminino,MG,Divorciado,1,2019-03-20,2023-09-30,139.99,TV a Cabo,0.0,0.0,0.0,A qualidade de imagem da TV a cabo é excelente. Todos os canais funcionam perfeitamente.,True
1014,Leandro Silva,29,Masculino,SP,Solteiro,0,2022-02-01,,99.99,Internet,0.0,0.0,1.0,A conexão de internet está lenta. Não consigo acessar sites rapidamente e o streaming de vídeos fica travando.,False
1015,Beatriz Oliveira,37,Feminino,RS,Casado,2,2018-01-10,,179.99,Telefonia Fixa,312.0,0.0,0.0,Estou muito satisfeita com o serviço de telefonia fixa. As ligações são claras e nunca tive problemas de cobertura.,False
1016,Lucas Rodrigues,30,Masculino,DF,Solteiro,0,2021-04-12,,99.99,Telefonia Móvel,288.0,2.7,0.0,O serviço de telefonia móvel atende às minhas expectativas. A qualidade das chamadas é boa e a internet é rápida.,False
1017,Roberta Ferreira,33,Feminino,MG,Solteiro,0,2021-06-15,,119.99,Telefonia Móvel,276.0,2.3,0.0,Estou bastante satisfeita com o serviço de telefonia móvel. As chamadas são claras e a internet é rápida. Nunca tive problemas de cobertura até agora.,False
1018,Gabriel Oliveira,40,Masculino,RS,Casado,1,2019-03-10,,129.99,Internet,0.0,0.0,0.0,"A conexão de internet tem sido estável e rápida. Consigo realizar todas as minhas atividades online sem interrupções. Além disso, o suporte técnico tem sido muito prestativo quando precisei de ajuda.",False
1019,Aline Silva,29,Feminino,SP,Solteiro,0,2022-02-01,,99.99,Telefonia Fixa,318.0,0.0,0.0,"Estou satisfeita com o serviço de telefonia fixa. As ligações são de boa qualidade e nunca tive problemas de cobertura. Além disso, o valor mensal do serviço é acessível.",False
1020,Felipe Santos,35,Masculino,RJ,Casado,2,2018-09-20,,139.99,TV a Cabo,0.0,0.0,0.0,A qualidade dos canais de TV a cabo é excelente. As imagens são nítidas e o som é de alta qualidade. Estou muito satisfeito com o serviço.,False
1021,Juliana Lima,28,Feminino,SP,Casado,1,2020-11-01,,99.99,Internet,0.0,0.0,1.0,A velocidade da internet está abaixo do esperado. Não consigo fazer download de arquivos grandes e o streaming de vídeos fica travando frequentemente.,False
1022,Ricardo Fernandes,45,Masculino,MG,Casado,3,2017-08-01,,189.99,Telefonia Fixa,414.0,0.0,0.0,"O serviço de telefonia fixa atende às minhas necessidades. As ligações são claras e nunca tive problemas de cobertura. Além disso, o suporte ao cliente é eficiente.",False
1023,Carolina Oliveira,32,Feminino,RS,Solteiro,0,2021-04-12,,109.99,Telefonia Móvel,252.0,2.1,0.0,Estou satisfeita com o serviço de telefonia móvel. A qualidade das chamadas é boa e a internet é rápida. Nunca tive problemas de conex,False
1024,Marcelo Santos,39,Masculino,SP,Casado,2,2019-10-15,,179.99,TV a Cabo,0.0,0.0,1.0,"Os canais de TV apresentam frequentes quedas de sinal. A imagem fica pixelada e o som é interrompido. Já registrei reclamações, mas o problema ainda não foi resolvido.",False
1025,Ana Rodrigues,31,Feminino,RJ,Casado,1,2020-07-10,,99.99,Internet,0.0,0.0,0.0,"A velocidade da internet é boa, mas enfrento problemas constantes de instabilidade na conexão. Preciso reiniciar o modem com frequência para restaurar a conexão.",False
1026,Leonardo Silva,42,Masculino,SP,Casado,2,2018-12-01,,149.99,Telefonia Móvel,348.0,3.2,0.0,O serviço de telefonia móvel é satisfatório. As chamadas são claras e a internet atende às minhas necessidades. O preço também é competitivo.,False
1027,Fernanda Costa,29,Feminino,RS,Solteiro,0,2021-02-20,,109.99,Telefonia Fixa,390.0,0.0,0.0,"Estou satisfeita com o serviço de telefonia fixa. As ligações são de boa qualidade e nunca tive problemas de cobertura. Além disso, o atendimento ao cliente é eficiente.",False
1028,Gustavo Oliveira,36,Masculino,MG,Solteiro,0,2020-01-01,,119.99,Internet,0.0,0.0,0.0,"A velocidade da internet é ótima, e nunca tive problemas de conexão. O suporte técnico também é muito bom, sempre solucionando minhas dúvidas e questões rapidamente.",False
1029,Isabela Santos,33,Feminino,SP,Casado,1,2017-11-01,,159.99,TV a Cabo,0.0,0.0,1.0,"A qualidade dos canais de TV é excelente, mas o preço do serviço é um pouco alto. Além disso, já tive alguns problemas técnicos, mas a empresa conseguiu resolver de forma satisfatória.",False
1030,Lucas Rodrigues,27,Masculino,RJ,Solteiro,0,2022-03-12,,129.99,Telefonia Fixa,432.0,0.0,0.0,"Estou bastante satisfeito com o serviço de telefonia fixa. As ligações são claras e nunca tive problemas de cobertura. Além disso, o valor mensal é justo em relação à qualidade oferecida.",False
1031,Vanessa Ferreira,34,Feminino,MG,Solteiro,0,2021-06-15,,119.99,Telefonia Móvel,276.0,2.3,0.0,Estou muito satisfeita com o serviço de telefonia móvel. As chamadas são claras e a internet é rápida. Nunca tive problemas de cobertura até agora. O preço também é justo em comparação com outras operadoras. Recomendo!,False
1032,Fernando Oliveira,41,Masculino,RS,Casado,1,2019-03-10,,129.99,Internet,0.0,0.0,0.0,"A conexão de internet tem sido estável e rápida. Consigo realizar todas as minhas atividades online sem interrupções. Além disso, o suporte técnico tem sido muito prestativo quando precisei de ajuda. Estou muito satisfeito com o serviço!",False
1033,Patrícia Silva,30,Feminino,SP,Solteiro,0,2022-02-01,,99.99,Telefonia Fixa,318.0,0.0,0.0,"Estou satisfeita com o serviço de telefonia fixa. As ligações são de boa qualidade e nunca tive problemas de cobertura. Além disso, o valor mensal do serviço é acessível. O atendimento ao cliente também tem sido bom. Recomendo!",False
1034,André Santos,36,Masculino,RJ,Casado,2,2018-09-20,,139.99,TV a Cabo,0.0,0.0,0.0,"A qualidade dos canais de TV a cabo é excelente. As imagens são nítidas e o som é de alta qualidade. Estou muito satisfeito com o serviço. O valor mensal é um pouco alto, mas considero que vale a pena pelo conteúdo oferecido.",False
1035,Larissa Lima,29,Feminino,SP,Casado,1,2020-11-01,,99.99,Internet,0.0,0.0,1.0,"A velocidade da internet está abaixo do esperado. Não consigo fazer download de arquivos grandes e o streaming de vídeos fica travando frequentemente. Já entrei em contato com o suporte técnico, mas o problema persiste. Espero que seja resolvido em breve.",False
1036,Rodrigo Fernandes,46,Masculino,MG,Casado,3,2017-08-01,,189.99,Telefonia Fixa,414.0,0.0,0.0,"O serviço de telefonia fixa atende às minhas necessidades. As ligações são claras e nunca tive problemas de cobertura. Além disso, o suporte ao cliente é eficiente. O valor mensal é um pouco alto, mas considero que a qualidade do serviço compensa. Estou satisfeito com a empresa.",False
1037,Carolina Almeida,33,Feminino,RJ,Solteiro,0,2021-03-15,,129.99,Internet,0.0,0.0,0.0,A velocidade da internet é excelente. Consigo fazer download de arquivos grandes rapidamente e o streaming de vídeos é suave. Nunca tive problemas de conexão. Estou muito satisfeita com o serviço!,False
1038,Rafael Ferreira,38,Masculino,RS,Casado,2,2018-11-10,,179.99,TV a Cabo,0.0,0.0,1.0,"Tenho problemas frequentes com a qualidade do sinal de TV a cabo. A imagem fica pixelada e o som falha com frequência. Já entrei em contato com a empresa, mas o problema ainda não foi resolvido. Espero que seja resolvido em breve.",False
1039,Amanda Castro,31,Feminino,SP,Solteiro,0,2022-01-05,,109.99,Telefonia Móvel,234.0,1.8,0.0,Estou satisfeita com o serviço de telefonia móvel. As chamadas são claras e a internet atende às minhas necessidades básicas. O preço também é razoável em comparação com outras operadoras. Recomendo!,False
1040,Ricardo Santos,37,Masculino,MG,Casado,1,2019-07-01,,129.99,Internet,0.0,0.0,0.0,A qualidade da internet tem sido ótima. A velocidade é rápida e a conexão é estável. Nunca tive problemas de queda de sinal. Estou muito satisfeito com o serviço!,False
1041,Gabriel Oliveira,28,Masculino,SP,Solteiro,0,2021-09-15,,99.99,Internet,0.0,0.0,0.0,A internet tem sido estável e rápida. Consigo realizar todas as minhas atividades online sem problemas. O suporte técnico também é eficiente quando tenho dúvidas. Estou satisfeito com o serviço!,False
1042,Juliana Ferreira,35,Feminino,RJ,Casado,2,2020-08-01,,149.99,TV a Cabo,0.0,0.0,1.0,"A qualidade dos canais de TV é excelente. As imagens são nítidas e o som é de alta qualidade. No entanto, o valor mensal é um pouco alto. Além disso, já tive problemas técnicos com a empresa, mas foram resolvidos de forma satisfatória.",False
1043,Luiz Santos,40,Masculino,SP,Casado,1,2018-05-10,,129.99,Telefonia Fixa,372.0,0.0,0.0,"O serviço de telefonia fixa tem sido satisfatório. As ligações são claras e não tive problemas de cobertura até o momento. Além disso, o atendimento ao cliente tem sido eficiente. Estou satisfeito com a empresa.",False
1044,Carolina Oliveira,31,Feminino,RS,Solteiro,0,2022-03-20,,89.99,Internet,0.0,0.0,0.0,Estou bastante satisfeita com o serviço de internet. A velocidade é ótima e a conexão é estável. Nunca tive problemas de queda de sinal. O valor mensal também é acessível. Recomendo!,False
1045,Marcos Silva,37,Masculino,MG,Casado,2,2019-01-05,,179.99,TV a Cabo,0.0,0.0,1.0,"A qualidade dos canais de TV a cabo é excelente. A imagem é nítida e o som é de alta qualidade. O valor mensal é um pouco alto, mas considero que vale a pena pelo conteúdo oferecido. Estou satisfeito com o serviço.",False
1046,Larissa Rodrigues,29,Feminino,RJ,Solteiro,0,2022-04-10,,129.99,Telefonia Móvel,270.0,2.1,0.0,Estou satisfeita com o serviço de telefonia móvel. As chamadas são claras e a internet atende às minhas necessidades. Nunca tive problemas de cobertura até agora. O preço também é razoável. Recomendo!,False
1048,Amanda Santos,33,Feminino,MG,Casado,1,2021-05-15,,129.99,TV a Cabo,0.0,0.0,0.0,"Estou muito satisfeita com o serviço de TV a cabo. A qualidade dos canais é ótima, as imagens são nítidas e o som é de alta qualidade. Nunca tive problemas técnicos até agora. O valor mensal é justo. Recomendo!",False
1049,Ricardo Almeida,36,Masculino,SP,Casado,2,2019-12-01,,109.99,Telefonia Fixa,354.0,0.0,0.0,Estou satisfeito com o serviço de telefonia fixa. As ligações são claras e a cobertura é boa. O valor mensal é acessível em comparação com outras empresas. O atendimento ao cliente também é bom. Recomendo!,False
1050,Gabriela Fernandes,27,Feminino,RS,Solteiro,0,2022-07-01,,99.99,Internet,0.0,0.0,0.0,A qualidade da internet é excelente. A velocidade é rápida e a conexão é estável. Nunca tive problemas de queda de sinal. Estou muito satisfeita com o serviço!,False
1051,Marcelo Costa,39,Masculino,MG,Solteiro,0,2021-08-01,,119.99,Telefonia Móvel,258.0,2.5,1.0,"O serviço de telefonia móvel tem sido satisfatório. As chamadas são claras e a internet atende às minhas necessidades. No entanto, já tive um problema de cobertura em determinada área da cidade. Espero que seja resolvido em breve.",False
1052,Beatriz Oliveira,32,Feminino,SP,Casado,1,2020-07-15,,139.99,TV a Cabo,0.0,0.0,0.0,"Estou bastante satisfeita com o serviço de TV a cabo. A qualidade dos canais é excelente, as imagens são nítidas e o som é de alta qualidade. O valor mensal é um pouco alto, mas considero que vale a pena pelo conteúdo oferecido.",False
1053,Lucas Silva,34,Masculino,RJ,Casado,2,2018-04-10,,129.99,Telefonia Fixa,402.0,0.0,0.0,O serviço de telefonia fixa tem atendido às minhas necessidades. As ligações são claras e não tive problemas de cobertura até o momento. O valor mensal é justo. Estou satisfeito com a empresa.,False
1055,Felipe Santos,36,Masculino,SP,Casado,1,2019-07-05,,119.99,TV a Cabo,0.0,0.0,1.0,"A qualidade dos canais de TV a cabo é muito boa. A imagem é nítida e o som é de alta qualidade. No entanto, já tive problemas técnicos com a empresa, mas foram resolvidos de forma satisfatória. Estou satisfeito com o serviço.",False
1056,Larissa Almeida,29,Feminino,RS,Solteiro,0,2022-06-10,,89.99,Telefonia Móvel,288.0,2.3,0.0,Estou satisfeita com o serviço de telefonia móvel. As chamadas são claras e a internet atende às minhas necessidades. Nunca tive problemas de cobertura até agora. O preço também é razoável. Recomendo!,False
1057,Gustavo Fernandes,43,Masculino,MG,Casado,2,2019-02-01,,129.99,Internet,0.0,0.0,0.0,A internet tem sido estável e rápida. Consigo realizar todas as minhas atividades online sem interrupções. O suporte técnico também é eficiente quando tenho dúvidas. Estou satisfeito com o serviço!,False
1058,Mariana Costa,31,Feminino,RJ,Solteiro,0,2022-05-15,,149.99,TV a Cabo,0.0,0.0,0.0,"Estou muito satisfeita com o serviço de TV a cabo. A qualidade dos canais é excelente, as imagens são nítidas e o som é de alta qualidade. O valor mensal é justo. Recomendo!",False
1059,Rodrigo Oliveira,39,Masculino,SP,Casado,1,2018-12-10,,109.99,Telefonia Fixa,330.0,0.0,0.0,Estou satisfeito com o serviço de telefonia fixa. As ligações são claras e a cobertura é boa. O valor mensal é acessível em comparação com outras empresas. O atendimento ao cliente também é bom. Recomendo!,False
1060,Luciana Silva,27,Feminino,MG,Solteiro,0,2022-09-01,,99.99,Internet,0.0,0.0,0.0,A qualidade da internet é excelente. A velocidade é rápida e a conexão é estável. Nunca tive problemas de queda de sinal. Estou muito satisfeita com o serviço!,False
1062,Luana Almeida,29,Feminino,RS,Solteiro,0,2022-06-10,,89.99,Telefonia Móvel,288.0,2.3,0.0,Estou satisfeita com o serviço de telefonia móvel. As chamadas são claras e a internet atende às minhas necessidades. Nunca tive problemas de cobertura até agora. O preço também é razoável. Recomendo!,False
1063,Diego Fernandes,43,Masculino,MG,Casado,2,2019-02-01,,129.99,Internet,0.0,0.0,0.0,A internet tem sido estável e rápida. Consigo realizar todas as minhas atividades online sem interrupções. O suporte técnico também é eficiente quando tenho dúvidas. Estou satisfeito com o serviço!,False
1064,Mariana Costa,31,Feminino,RJ,Solteiro,0,2022-05-15,,149.99,TV a Cabo,0.0,0.0,0.0,"Estou muito satisfeita com o serviço de TV a cabo. A qualidade dos canais é excelente, as imagens são nítidas e o som é de alta qualidade. O valor mensal é justo. Recomendo!",False
1065,Rodrigo Oliveira,39,Masculino,SP,Casado,1,2018-12-10,,109.99,Telefonia Fixa,330.0,0.0,0.0,Estou satisfeito com o serviço de telefonia fixa. As ligações são claras e a cobertura é boa. O valor mensal é acessível em comparação com outras empresas. O atendimento ao cliente também é bom. Recomendo!,False
1066,Luciana Silva,27,Feminino,MG,Solteiro,0,2022-09-01,,99.99,Internet,0.0,0.0,0.0,A qualidade da internet é excelente. A velocidade é rápida e a conexão é estável. Nunca tive problemas de queda de sinal. Estou muito satisfeita com o serviço!,False
1067,André Santos,37,Masculino,RJ,Casado,2,2019-04-05,,119.99,TV a Cabo,0.0,0.0,1.0,"A qualidade dos canais de TV a cabo é muito boa. A imagem é nítida e o som é de alta qualidade. Já tive problemas técnicos com a empresa, mas foram resolvidos rapidamente. O valor mensal é um pouco alto, mas considero que vale a pena pelo conteúdo oferecido. Estou satisfeito com o serviço.",False
1068,Gabriela Almeida,32,Feminino,RJ,Casado,1,2021-03-20,,129.99,Telefonia Fixa,252.0,0.0,,"Estou profundamente insatisfeita com o serviço de telefonia fixa. As ligações são constantemente interrompidas, e a qualidade do som é péssima. Além disso, o atendimento ao cliente é ineficiente e não resolve meus problemas. Não recomendo essa empresa de forma alguma.",False
1103,Julio Santos,28,Masculino,SP,Solteiro,0,2022-09-01,,99.99,Internet,234.0,0.0,,"A internet fornecida é simplesmente terrível. A velocidade é lenta, o sinal cai constantemente e o suporte técnico não é capaz de solucionar os problemas. Estou extremamente frustrado com o serviço e planejo cancelá-lo o mais rápido possível.",False
1069,Carolina Oliveira,35,Feminino,MG,Casado,2,2019-04-05,,119.99,TV a Cabo,126.0,0.0,,"Não consigo expressar o quão decepcionada estou com o serviço de TV a cabo. Os canais apresentam constantes falhas de sinal, a imagem é frequentemente distorcida e o suporte técnico é inútil. É um completo desperdício de dinheiro e tempo.",False
1070,Andréa Fernandes,39,Feminino,RS,Solteiro,0,2023-01-15,,89.99,Telefonia Móvel,210.0,0.0,,"O serviço de telefonia móvel é absolutamente horrível. As chamadas caem o tempo todo, a qualidade do som é péssima e a internet é lenta. Não há nada positivo para se dizer sobre essa empresa. Fuja dela!",False
1071,Gustavo Lima,42,Masculino,RJ,Casado,2,2020-05-01,,149.99,Internet,276.0,0.0,,"Essa empresa de internet é um verdadeiro pesadelo. A velocidade é uma piada, a conexão falha constantemente e o suporte técnico é ineficaz. É uma completa falta de respeito com os clientes. Evite essa empresa a todo custo!",False
1073,Marcos Oliveira,29,Masculino,MG,Solteiro,0,2022-09-01,,99.99,Telefonia Fixa,144.0,0.0,,"O serviço de telefonia fixa dessa empresa é um verdadeiro desastre. As ligações são constantemente cortadas, o som é horrível e o atendimento ao cliente é simplesmente inútil. É uma experiência frustrante e não vale o dinheiro investido.",False
1074,Isabela Silva,27,Feminino,RS,Solteiro,0,2023-01-15,,89.99,Telefonia Móvel,114.0,0.0,,"A telefonia móvel dessa empresa é uma piada de mau gosto. As chamadas não funcionam adequadamente, a qualidade do som é péssima e a cobertura é praticamente inexistente em muitas áreas. É uma completa perda de dinheiro e tempo.",False
1075,Roberto Lima,45,Masculino,RJ,Casado,2,2020-05-01,,149.99,Internet,222.0,0.0,,"Essa empresa de internet é simplesmente horrível. A velocidade é ridícula, a conexão é constantemente interrompida e o suporte técnico é inútil. Não há palavras para expressar o quão péssimo é o serviço oferecido. Fuja dessa empresa!",False
1076,Luciana Fernandes,38,Feminino,SP,Casado,1,2018-12-10,,109.99,TV a Cabo,72.0,0.0,,"Estou completamente desapontada com o serviço de TV a cabo dessa empresa. A qualidade dos canais é péssima, a imagem é frequentemente distorcida e o atendimento ao cliente é simplesmente inexistente. Não recomendo a ninguém.",False
1077,Diego Oliveira,31,Masculino,MG,Solteiro,0,2022-09-01,,99.99,Telefonia Fixa,174.0,0.0,,"O serviço de telefonia fixa dessa empresa é um verdadeiro pesadelo. As ligações caem o tempo todo, o som é terrível e o suporte técnico é ineficiente. É uma experiência frustrante e desgastante lidar com essa empresa.",False
1078,Sabrina Silva,26,Feminino,RS,Solteiro,0,2023-01-15,,89.99,Telefonia Móvel,90.0,0.0,,"A telefonia móvel dessa empresa é um completo desastre. As chamadas não são completadas, o som é horrível e a cobertura é péssima. É uma completa perda de dinheiro e tempo. Não recomendo de forma alguma.",False
1080,Jéssica Fernandes,32,Feminino,SP,Casado,1,2018-12-10,,109.99,TV a Cabo,66.0,0.0,,"Estou profundamente decepcionada com o serviço de TV a cabo dessa empresa. A qualidade dos canais é péssima, o sinal some constantemente e o atendimento ao cliente é inexistente. É um completo desperdício de dinheiro. Não recomendo de forma alguma.",False
1081,Luiz Oliveira,28,Masculino,MG,Solteiro,0,2022-09-01,,99.99,Telefonia Fixa,156.0,0.0,,"O serviço de telefonia fixa dessa empresa é uma completa piada. As ligações são constantemente cortadas, o som é horrível e o suporte técnico não resolve nada. É uma experiência frustrante e não recomendo a ninguém.",False
1082,Amanda Santos,34,Feminino,RS,Solteiro,0,2023-01-15,,89.99,Telefonia Móvel,72.0,0.0,,"A telefonia móvel dessa empresa é um verdadeiro desastre. As chamadas não são completadas, o som é terrível e a cobertura é péssima. É uma experiência frustrante e uma completa perda de dinheiro. Não recomendo de forma alguma.",False
1083,Felipe Lima,41,Masculino,RJ,Casado,2,2020-05-01,,149.99,Internet,192.0,0.0,,"Essa empresa de internet é um completo pesadelo. A velocidade é extremamente lenta, a conexão é constantemente interrompida e o suporte técnico é ineficaz. É uma completa falta de respeito com os clientes. Evite essa empresa a todo custo!",False
1084,Bruna Fernandes,30,Feminino,SP,Casado,1,2018-12-10,,109.99,TV a Cabo,78.0,0.0,,"Estou completamente insatisfeita com o serviço de TV a cabo dessa empresa. A maioria dos canais apresenta uma qualidade terrível, o sinal some constantemente e o atendimento ao cliente é péssimo. Não recomendo de forma alguma.",False
1086,Marina Santos,27,Feminino,RS,Solteiro,0,2023-01-15,,89.99,Telefonia Móvel,66.0,0.0,,"A telefonia móvel dessa empresa é uma completa decepção. As chamadas são constantemente interrompidas, o som é horrível e a cobertura é péssima. É uma perda de dinheiro e tempo lidar com essa empresa. Não recomendo de forma alguma.",False
1087,Carlos Lima,43,Masculino,RJ,Casado,2,2020-05-01,,149.99,Internet,174.0,0.0,,"Essa empresa de internet é um verdadeiro pesadelo. A velocidade é extremamente lenta, a conexão é instável e o suporte técnico é ineficiente. É uma completa falta de respeito com os clientes. Fuja dessa empresa!",False
1088,Larissa Fernandes,31,Feminino,SP,Casado,1,2018-12-10,,109.99,TV a Cabo,72.0,0.0,,"Estou extremamente desapontada com o serviço de TV a cabo dessa empresa. A qualidade dos canais é horrível, o sinal some constantemente e o atendimento ao cliente é inexistente. É uma completa perda de dinheiro e tempo.",False
1089,Maurício Oliveira,30,Masculino,MG,Solteiro,0,2022-09-01,,99.99,Telefonia Fixa,132.0,0.0,,"O serviço de telefonia fixa dessa empresa é uma verdadeira piada. As ligações são frequentemente cortadas, o som é terrível e o suporte técnico não é capaz de resolver os problemas. É uma experiência frustrante e não recomendo a ninguém.",False
1090,Luciana Santos,28,Feminino,RS,Solteiro,0,2023-01-15,,89.99,Telefonia Móvel,78.0,0.0,,"A telefonia móvel dessa empresa é um completo desastre. As chamadas não são completadas, o som é horrível e a cobertura é péssima. É uma experiência frustrante e uma total perda de dinheiro. Não recomendo essa empresa de forma alguma.",False
1091,João Pereira,35,Masculino,RJ,Casado,2,2020-05-01,,149.99,Internet,162.0,0.0,,"Essa empresa de internet é uma completa vergonha. A velocidade é ridícula, a conexão cai o tempo todo e o suporte técnico é ineficiente. É um completo desperdício de dinheiro lidar com essa empresa. Não recomendo a ninguém.",False
1092,Luana Oliveira,33,Feminino,SP,Casado,1,2018-12-10,,109.99,TV a Cabo,84.0,0.0,,"Estou extremamente frustrada com o serviço de TV a cabo dessa empresa. A maioria dos canais não funciona, o sinal some constantemente e o atendimento ao cliente é péssimo. É um completo desperdício de dinheiro. Não recomendo de forma alguma.",False
1093,Marcelo Fernandes,29,Masculino,MG,Solteiro,0,2022-09-01,,99.99,Telefonia Fixa,138.0,0.0,,"O serviço de telefonia fixa dessa empresa é um verdadeiro desastre. As ligações são frequentemente cortadas, o som é horrível e o suporte técnico não resolve os problemas. É uma experiência frustrante e uma completa perda de tempo e dinheiro.",False
1094,Isabela Santos,31,Feminino,RS,Solteiro,0,2023-01-15,,89.99,Telefonia Móvel,72.0,0.0,,"A telefonia móvel dessa empresa é um verdadeiro pesadelo. As chamadas são constantemente interrompidas, o som é terrível e a cobertura é péssima. É uma completa falta de respeito com os clientes. Evite essa empresa a todo custo!",False
1095,Marcos Lima,37,Masculino,RJ,Casado,2,2020-05-01,,149.99,Internet,168.0,0.0,,"Estou extremamente insatisfeito com a empresa de internet. A velocidade é extremamente lenta, a conexão cai com frequência e o suporte técnico é inútil. É uma completa perda de tempo e dinheiro lidar com essa empresa. Não recomendo a ninguém.",False
1096,Juliana Fernandes,28,Feminino,SP,Casado,1,2018-12-10,,109.99,TV a Cabo,90.0,0.0,,"O serviço de TV a cabo dessa empresa é uma piada. A maioria dos canais não funciona, o sinal some constantemente e o atendimento ao cliente é péssimo. É uma completa perda de dinheiro. Não recomendo de forma alguma.",False
1097,Fernando Oliveira,34,Masculino,MG,Solteiro,0,2022-09-01,,99.99,Telefonia Fixa,144.0,0.0,,"O serviço de telefonia fixa dessa empresa é um verdadeiro desastre. As chamadas são constantemente interrompidas, o som é terrível e o suporte técnico é ineficiente. É uma experiência frustrante e uma completa perda de tempo e dinheiro.",False
1098,Patrícia Lima,26,Feminino,RS,Solteiro,0,2023-01-15,,89.99,Telefonia Móvel,66.0,0.0,,"Estou extremamente desapontada com o serviço de telefonia móvel dessa empresa. As chamadas são frequentemente cortadas, o som é horrível e a cobertura é péssima. É uma completa falta de respeito com os clientes. Não recomendo essa empresa.",False
1099,André Silva,39,Masculino,RJ,Casado,2,2020-05-01,,149.99,Internet,174.0,0.0,,"A internet dessa empresa é um verdadeiro pesadelo. A velocidade é extremamente lenta, a conexão cai o tempo todo e o suporte técnico não é capaz de resolver os problemas. É uma completa perda de dinheiro e tempo.",False
1100,Amanda Almeida,27,Feminino,SP,Casado,1,2018-12-10,,109.99,TV a Cabo,72.0,0.0,,"O serviço de TV a cabo dessa empresa é uma decepção total. A qualidade dos canais é péssima, o sinal some constantemente e o atendimento ao cliente é inexistente. É uma completa perda de dinheiro e tempo.",False
1101,Rodrigo Santos,33,Masculino,MG,Solteiro,0,2022-09-01,,99.99,Telefonia Fixa,132.0,0.0,,"A telefonia fixa dessa empresa é uma vergonha. As chamadas são frequentemente interrompidas, o som é horrível e o suporte técnico não resolve os problemas. É uma completa perda de tempo e dinheiro.",False
1102,Carolina Fernandes,29,Feminino,RS,Solteiro,0,2023-01-15,,89.99,Telefonia Móvel,78.0,0.0,,"A telefonia móvel dessa empresa é um completo desastre. As chamadas não são completadas, o som é horrível e a cobertura é péssima. É uma experiência frustrante e uma total perda de dinheiro. Não recomendo essa empresa de forma alguma.",False
